Vehicle_Type,Ride_Distance(km),Ride_Time(min),Booking_Value
Auto,13.169422833649588,32.73339658444023,137.67817678684378
Bike,13.231805338585886,31.947904639000203,140.48748692521906
